{"envName": "virusEnv", "b1": 0.0, "b2": 0.0, "globalReward": [55, 50, 53, 54, 51, 53, 50, 50, 50, 53, 51, 52, 53, 50, 51, 53, 51, 51, 51, 52, 51, 51, 52, 53, 50, 53, 50, 52, 50, 52, 54, 50, 50, 53, 51, 52, 51, 51, 52, 50, 51, 54, 50, 52, 51, 51, 54, 50, 50, 51, 50, 51, 52, 52, 52, 50, 50, 54, 51, 50, 53, 51, 50, 52, 50, 54, 51, 51, 51, 50, 51, 51, 51, 50, 52, 51, 52, 51, 53, 51, 53, 50, 53, 52, 53, 50, 52, 52, 53, 52, 51, 51, 51, 50, 51, 51, 51, 53, 50, 53], "epoch": [0, 1, 2, 3, 4, 5, 6, 7, 8, 9, 10, 11, 12, 13, 14, 15, 16, 17, 18, 19, 20, 21, 22, 23, 24, 25, 26, 27, 28, 29, 30, 31, 32, 33, 34, 35, 36, 37, 38, 39, 40, 41, 42, 43, 44, 45, 46, 47, 48, 49, 50, 51, 52, 53, 54, 55, 56, 57, 58, 59, 60, 61, 62, 63, 64, 65, 66, 67, 68, 69, 70, 71, 72, 73, 74, 75, 76, 77, 78, 79, 80, 81, 82, 83, 84, 85, 86, 87, 88, 89, 90, 91, 92, 93, 94, 95, 96, 97, 98, 99], "q_std": [20.197319507123986, 20.37608326530777, 20.34964482183174, 20.270962176233652, 20.209770176663422, 20.22826172540209, 20.24714641225906, 20.251600439836693, 20.25733801222709, 20.259175910019078, 20.261866707103973, 20.258177613916768, 20.25366162805749, 20.247395650472097, 20.241560254447197, 20.242118344278204, 20.239831937522265, 20.2521928262108, 20.257403370428538, 20.263472192466732, 20.262574553254666, 20.260990283063563, 20.26783836886278, 20.262944520659016, 20.255171683421768, 20.25710976801089, 20.24662792455894, 20.246998287488942, 20.24544115448272, 20.246586777658727, 20.245173340753333, 20.243588367474967, 20.24414769493988, 20.240232865906723, 20.240246372441334, 20.23282276759861, 20.233675395709636, 20.232325498441224, 20.233984387057205, 20.23332109318706, 20.23288485168172, 20.227805816937174, 20.233449038592536, 20.234602593294582, 20.23789478626926, 20.239451355409145, 20.235393981799803, 20.233671787255762, 20.23206701062907, 20.232342482200085, 20.23362548518291, 20.23162672049424, 20.230320991553484, 20.232718571709082, 20.230868049251907, 20.23201641795777, 20.232630558135046, 20.234904037850843, 20.235964717938426, 20.237787370186467, 20.237303489815865, 20.236566924873852, 20.2362712215061, 20.232580859546403, 20.2332513025962, 20.234244140869777, 20.236190402412348, 20.235026360771695, 20.236077355442003, 20.23578518820017, 20.23615736273338, 20.238749863737294, 20.239638423545816, 20.237736939211068, 20.23723724316917, 20.23804387738744, 20.237633087471714, 20.237948071636545, 20.238682624289094, 20.238199921874145, 20.23677663713926, 20.23772391882035, 20.238555874398294, 20.23882095505204, 20.2378614523342, 20.235270840415268, 20.23613762311496, 20.234313108727214, 20.235548378072217, 20.235832064101675, 20.234690446190314, 20.232658461695078, 20.23235711059541, 20.231111673402726, 20.231272571644617, 20.23197330291969, 20.23182309673405, 20.23125827212833, 20.231049957568747, 20.231582864909264], "q_raw_std": [20.197319507123986, 20.37608326530777, 20.34964482183174, 20.270962176233652, 20.209770176663422, 20.22826172540209, 20.24714641225906, 20.251600439836693, 20.25733801222709, 20.259175910019078, 20.261866707103973, 20.258177613916768, 20.25366162805749, 20.247395650472097, 20.241560254447197, 20.242118344278204, 20.239831937522265, 20.2521928262108, 20.257403370428538, 20.263472192466732, 20.262574553254666, 20.260990283063563, 20.26783836886278, 20.262944520659016, 20.255171683421768, 20.25710976801089, 20.24662792455894, 20.246998287488942, 20.24544115448272, 20.246586777658727, 20.245173340753333, 20.243588367474967, 20.24414769493988, 20.240232865906723, 20.240246372441334, 20.23282276759861, 20.233675395709636, 20.232325498441224, 20.233984387057205, 20.23332109318706, 20.23288485168172, 20.227805816937174, 20.233449038592536, 20.234602593294582, 20.23789478626926, 20.239451355409145, 20.235393981799803, 20.233671787255762, 20.23206701062907, 20.232342482200085, 20.23362548518291, 20.23162672049424, 20.230320991553484, 20.232718571709082, 20.230868049251907, 20.23201641795777, 20.232630558135046, 20.234904037850843, 20.235964717938426, 20.237787370186467, 20.237303489815865, 20.236566924873852, 20.2362712215061, 20.232580859546403, 20.2332513025962, 20.234244140869777, 20.236190402412348, 20.235026360771695, 20.236077355442003, 20.23578518820017, 20.23615736273338, 20.238749863737294, 20.239638423545816, 20.237736939211068, 20.23723724316917, 20.23804387738744, 20.237633087471714, 20.237948071636545, 20.238682624289094, 20.238199921874145, 20.23677663713926, 20.23772391882035, 20.238555874398294, 20.23882095505204, 20.2378614523342, 20.235270840415268, 20.23613762311496, 20.234313108727214, 20.235548378072217, 20.235832064101675, 20.234690446190314, 20.232658461695078, 20.23235711059541, 20.231111673402726, 20.231272571644617, 20.23197330291969, 20.23182309673405, 20.23125827212833, 20.231049957568747, 20.231582864909264], "raw": []}