{"envName": "virusEnv", "b1": 1.0, "b2": 0.0, "globalReward": [66, 62, 64, 63, 61, 61, 56, 63, 63, 61, 66, 63, 65, 63, 62, 66, 62, 64, 65, 68, 67, 63, 67, 65, 68, 62, 69, 61, 67, 67, 61, 67, 65, 61, 60, 65, 60, 62, 63, 68, 62, 67, 65, 64, 62, 65, 64, 61, 64, 62, 65, 67, 64, 64, 63, 66, 64, 63, 61, 65, 64, 62, 65, 63, 59, 59, 64, 61, 56, 62, 65, 64, 65, 58, 63, 65, 62, 59, 63, 65, 63, 67, 63, 62, 61, 64, 61, 61, 68, 61, 63, 66, 62, 61, 66, 62, 66, 61, 58, 61], "epoch": [0, 1, 2, 3, 4, 5, 6, 7, 8, 9, 10, 11, 12, 13, 14, 15, 16, 17, 18, 19, 20, 21, 22, 23, 24, 25, 26, 27, 28, 29, 30, 31, 32, 33, 34, 35, 36, 37, 38, 39, 40, 41, 42, 43, 44, 45, 46, 47, 48, 49, 50, 51, 52, 53, 54, 55, 56, 57, 58, 59, 60, 61, 62, 63, 64, 65, 66, 67, 68, 69, 70, 71, 72, 73, 74, 75, 76, 77, 78, 79, 80, 81, 82, 83, 84, 85, 86, 87, 88, 89, 90, 91, 92, 93, 94, 95, 96, 97, 98, 99], "q_std": [19.390147740568224, 14.058151013956627, 11.277918816380877, 9.756851887769134, 8.660199460185254, 7.9979670162096514, 7.500713967683912, 7.068812472021009, 6.733509449178385, 6.423603697048452, 6.1837331016047505, 5.947460032220679, 5.750811489043916, 5.572481439747504, 5.399121351827833, 5.2427238535801415, 5.104502042275876, 4.9687463774750436, 4.85005387121971, 4.740227927484987, 4.635825965831788, 4.526796370801148, 4.441485404703152, 4.355376626352791, 4.260744737047775, 4.180913964322852, 4.102817146354777, 4.028319758985165, 3.9643823631100368, 3.89471268209309, 3.823548307988032, 3.753589875766573, 3.6977496015211924, 3.6318280585119584, 3.5811171733705134, 3.524381096963557, 3.4669495830081978, 3.4168138004615476, 3.36724555419471, 3.31906758636703, 3.2788193143761784, 3.232857623071132, 3.1973313806316104, 3.1558741344045496, 3.116776537889083, 3.0818383323344456, 3.0425492853318885, 3.0076659974774382, 2.974641436659985, 2.9339743342779636, 2.9001550437752632, 2.86762243892976, 2.83753254549955, 2.808576990476066, 2.778209683992094, 2.747150032910276, 2.7185302965712963, 2.6905802910854466, 2.6638546509109324, 2.6373825155407338, 2.6120567132157952, 2.58753109942745, 2.562148397648609, 2.5408199081644685, 2.514195661419815, 2.491403322739764, 2.471076742436669, 2.4475677422247277, 2.428778730190108, 2.4092424274368978, 2.3856541053097224, 2.365779747024038, 2.345935467201945, 2.326414682349228, 2.308244135418081, 2.289501385641076, 2.269233519046693, 2.2527952929582726, 2.2363696712011114, 2.220752878007355, 2.2060291306443456, 2.189724350766365, 2.1735064230015593, 2.1594569618653803, 2.143296797720018, 2.1299482566415326, 2.1157219915933982, 2.1010294933374984, 2.0882069200096183, 2.0754857410301875, 2.063218510160493, 2.0507951395308512, 2.0365040023509478, 2.0244296821447096, 2.0105853965319094, 2.0001877216337474, 1.9882731991560119, 1.975036709301224, 1.964722115739127, 1.9540485221348205], "q_raw_std": [20.720390543196933, 20.715569112102562, 20.79706283775816, 20.700822301170888, 20.696484982081046, 20.724325451525345, 20.7797332036964, 20.641399524173185, 20.695010285672197, 20.700958820783082, 20.706682519165366, 20.70592753064763, 20.72779690995014, 20.740379131771036, 20.746105963881128, 20.714967437798126, 20.734121183059518, 20.73674578353214, 20.751669841971143, 20.75236197803037, 20.749396552626294, 20.757774257302266, 20.761000017549406, 20.762552526704205, 20.74932284567691, 20.75677030211382, 20.75644476219387, 20.768761712737838, 20.753022778959494, 20.76281319080442, 20.76543766396188, 20.751718507539906, 20.746234334789794, 20.759184006849658, 20.749290848463037, 20.752229200663066, 20.75833965452875, 20.7546920611801, 20.760852058106956, 20.75739826028802, 20.760816576865846, 20.75681507118774, 20.77613362754491, 20.77613887325451, 20.770342596397125, 20.776167680601556, 20.77963621125498, 20.766140176770644, 20.75394985019091, 20.752384122807218, 20.760325146477047, 20.7514794310017, 20.76039773633965, 20.762732180677254, 20.760726134916823, 20.75918917424226, 20.762608052071258, 20.759825581712786, 20.75396826185871, 20.75360519404681, 20.746652036108795, 20.75048676796802, 20.754756588825014, 20.74968042001534, 20.752420724746642, 20.744172867047205, 20.74346946081078, 20.74171884725725, 20.74714906477977, 20.74766277976756, 20.748158662248617, 20.744026432019137, 20.73978541108946, 20.738262552753746, 20.736792877821046, 20.727736296232706, 20.733284162491092, 20.735416561285863, 20.72587096593034, 20.722779166108218, 20.71801549204795, 20.717180570052964, 20.71480438415867, 20.71575369305375, 20.713442891949985, 20.70973450859981, 20.717339571615415, 20.715579772860515, 20.708289661242826, 20.709504951518117, 20.71211867458979, 20.703862701415716, 20.703893328697752, 20.70031733609607, 20.70162821963379, 20.70830817604668, 20.704322916357885, 20.698450902060994, 20.700635892973352, 20.69917967458609], "raw": []}