{"envName": "virusEnv", "b1": 3.0, "b2": 0.0, "globalReward": [58, 63, 65, 65, 62, 65, 58, 66, 60, 64, 62, 61, 65, 55, 58, 56, 59, 54, 54, 57, 61, 58, 52, 60, 62, 60, 62, 61, 57, 62, 54, 61, 56, 53, 66, 64, 59, 62, 53, 60, 51, 53, 59, 62, 63, 62, 60, 56, 62, 62, 64, 58, 61, 54, 57, 55, 55, 59, 59, 61, 56, 57, 50, 57, 59, 63, 62, 58, 63, 58, 63, 59, 57, 60, 58, 56, 59, 65, 68, 62, 61, 61, 63, 59, 68, 58, 52, 60, 52, 65, 64, 60, 56, 61, 60, 63, 63, 59, 61, 57], "epoch": [0, 1, 2, 3, 4, 5, 6, 7, 8, 9, 10, 11, 12, 13, 14, 15, 16, 17, 18, 19, 20, 21, 22, 23, 24, 25, 26, 27, 28, 29, 30, 31, 32, 33, 34, 35, 36, 37, 38, 39, 40, 41, 42, 43, 44, 45, 46, 47, 48, 49, 50, 51, 52, 53, 54, 55, 56, 57, 58, 59, 60, 61, 62, 63, 64, 65, 66, 67, 68, 69, 70, 71, 72, 73, 74, 75, 76, 77, 78, 79, 80, 81, 82, 83, 84, 85, 86, 87, 88, 89, 90, 91, 92, 93, 94, 95, 96, 97, 98, 99], "q_std": [1.9417331537011366, 1.9294526233083964, 1.9188729178803072, 1.9065860821842575, 1.8959157059176117, 1.8831382113846535, 1.870787317200334, 1.858251764893605, 1.8464279095098772, 1.8349509877005603, 1.824471988349871, 1.8106359815225372, 1.7991232392229033, 1.7838026340170967, 1.7735131866790177, 1.7559985671551186, 1.745917381740758, 1.7321973685069196, 1.7196636591177088, 1.7100175379934424, 1.7025030490661774, 1.6862233816644532, 1.6686893712257524, 1.6498796408190468, 1.6212698379848496, 1.6067885916520006, 1.5677641535684728, 1.5409927398727268, 1.5265137817980068, 1.5176998009919866, 1.50154111132041, 1.4823776088784455, 1.4657673457475282, 1.4540038282092267, 1.4505097388804078, 1.441094951256115, 1.4356191593643386, 1.4286709185248165, 1.4139430514736617, 1.3954854591325607, 1.3858033871976227, 1.3624809723350106, 1.3507497486832398, 1.3384393242023094, 1.3267340311579807, 1.3225024091322155, 1.3011291467853172, 1.2861767806913693, 1.2778497638744024, 1.2652392746676282, 1.2544171308940182, 1.2604642750265487, 1.2548153409662826, 1.254958200598073, 1.264897906327295, 1.2544451288407725, 1.2530797409605792, 1.2467072749630783, 1.235563483226782, 1.2328426535762442, 1.2317648376436865, 1.2325427656575858, 1.2353802541953955, 1.2304030881250982, 1.2328569488298577, 1.2277194935461226, 1.2086581516239139, 1.1924512369930251, 1.1834674210991734, 1.1789280502506545, 1.1817432683711986, 1.173185309244325, 1.163413139593269, 1.153780120097437, 1.1386578581388238, 1.1207533746343359, 1.1104823283988927, 1.0888495375263774, 1.0876009686484365, 1.08987766588785, 1.0951758733978385, 1.0950550961857621, 1.0856131816171224, 1.068482620963391, 1.0641001810046502, 1.0675557900225918, 1.060309339070796, 1.047751042913722, 1.0505875489340022, 1.0542523489680249, 1.0596162786415935, 1.0439172742480252, 1.042550295499634, 1.0405945998495867, 1.0449376615771173, 1.0394589824190208, 1.0348987328161217, 1.0268390346123746, 1.0529551673025805, 1.0518974210062406], "q_raw_std": [20.704967407320417, 20.70147542573455, 20.700218793187812, 20.70061493452244, 20.70352089085846, 20.711598119929565, 20.709558048422696, 20.710560150713782, 20.707189536187933, 20.712242942672255, 20.710915979605954, 20.711035480718575, 20.71299300199708, 20.719841740479932, 20.726416295882963, 20.72662744398827, 20.72772617254382, 20.720435758074903, 20.714223501226314, 20.710241530678818, 20.710808316854937, 20.715810806978762, 20.71917023004378, 20.719560047157785, 20.721711631502924, 20.727952430080432, 20.72805440455916, 20.729492608519802, 20.725047985992813, 20.724913937400462, 20.726741499520575, 20.726621681201095, 20.722357107441827, 20.71917521789344, 20.720869670791064, 20.7221851083711, 20.72405541806817, 20.72146201529564, 20.717759865176596, 20.7203480741773, 20.716501038679265, 20.715894741617717, 20.71417461981843, 20.71309346722452, 20.71770426573636, 20.716097463349307, 20.717586488383134, 20.715221357198214, 20.71243707528341, 20.714167284332305, 20.712366288009914, 20.708270200232043, 20.707973229208807, 20.708916262628374, 20.70789113210517, 20.715585199375866, 20.71572038059281, 20.715221819884793, 20.71482235193409, 20.71632509767309, 20.71571140835757, 20.713499255618636, 20.713536525608983, 20.71191657215899, 20.709516509942507, 20.713435692991585, 20.71273445218301, 20.71420174566776, 20.714523829448872, 20.714330214978133, 20.710608514735142, 20.710689584689355, 20.709765669612835, 20.706586303332344, 20.70677669290919, 20.70434189369075, 20.70353498550286, 20.701403940685534, 20.704834602059734, 20.70287964742688, 20.706206685073784, 20.70409515774797, 20.70260882379375, 20.702928368847047, 20.699769265392323, 20.702411341526872, 20.703238395782943, 20.70227250626517, 20.70237592600405, 20.702096508758036, 20.700383633648368, 20.702382049473457, 20.702926539718508, 20.703198478023737, 20.701867590755178, 20.702821501208586, 20.706167592577366, 20.708707943983626, 20.70654205256012, 20.709332004305402], "raw": []}