{"envName": "virusEnv", "b1": 5.0, "b2": 0.0, "globalReward": [63, 56, 57, 58, 58, 55, 59, 56, 62, 53, 59, 57, 65, 54, 62, 57, 59, 60, 51, 57, 60, 56, 52, 60, 60, 56, 56, 63, 62, 65, 56, 59, 53, 60, 62, 56, 62, 57, 52, 60, 58, 63, 50, 62, 60, 64, 55, 59, 57, 54, 57, 51, 63, 58, 57, 58, 60, 62, 58, 58, 64, 56, 53, 61, 63, 62, 64, 57, 54, 53, 63, 52, 62, 60, 64, 59, 55, 55, 56, 54, 56, 59, 58, 59, 62, 55, 59, 56, 57, 56, 52, 57, 58, 56, 58, 60, 52, 57, 58, 60], "epoch": [0, 1, 2, 3, 4, 5, 6, 7, 8, 9, 10, 11, 12, 13, 14, 15, 16, 17, 18, 19, 20, 21, 22, 23, 24, 25, 26, 27, 28, 29, 30, 31, 32, 33, 34, 35, 36, 37, 38, 39, 40, 41, 42, 43, 44, 45, 46, 47, 48, 49, 50, 51, 52, 53, 54, 55, 56, 57, 58, 59, 60, 61, 62, 63, 64, 65, 66, 67, 68, 69, 70, 71, 72, 73, 74, 75, 76, 77, 78, 79, 80, 81, 82, 83, 84, 85, 86, 87, 88, 89, 90, 91, 92, 93, 94, 95, 96, 97, 98, 99], "q_std": [1.039241104589026, 1.019416372240162, 1.027169918419818, 1.0520904908668034, 1.0766231229262693, 1.0858764792336744, 1.0842775654635033, 1.151778826659129, 1.2756496553667425, 1.432960725475999, 1.8280206716150114, 1.980722047067816, 1.9771995228391541, 2.4946856768775345, 2.8260782281886603, 3.5975971333710697, 5.06278237022048, 6.345091975556265, 6.424270225876654, 6.81089274132254, 7.9975605369840155, 10.881448938548477, 14.106003488612851, 18.008347288775404, 19.32196112491873, 23.78223071495384, 33.68171175766488, 44.1470991401659, 59.81385331956232, 70.76991015032692, 72.82981626069599, 92.23880170306886, 108.73782941505098, 159.64336187199137, 205.19557335786448, 249.4191467213723, 327.1132327419026, 452.1354551003513, 660.8027870888699, 781.20319891454, 894.0219661585477, 1064.015804292983, 1351.0879978126939, 1585.2297525737076, 1805.6290051381802, 2337.2602272073686, 2938.4824731401386, 3758.1110983141707, 4916.918495516396, 6288.301630147117, 7565.957439707428, 9631.290197080772, 11513.325849471095, 16025.397891341123, 16745.341399000223, 21010.149135894062, 30520.52211878096, 43816.42674355917, 55023.72051608883, 65558.96440020544, 76785.36779800738, 94192.71248569975, 119396.39307782325, 171862.75820058433, 210563.06582601587, 239240.0352051192, 312448.29457591317, 408435.763078183, 512991.0071211384, 658648.7307182387, 808558.6174429483, 984294.5916067334, 1309796.7785958927, 1515217.2439239188, 1745391.5303994804, 2333816.9725477584, 2891020.1560425716, 3340854.790551183, 4269296.019124695, 5236891.36583477, 6737554.305760749, 8365757.921938094, 9919948.983958067, 13578327.29461586, 17255678.625783052, 20118163.428246915, 24420843.895766687, 25068773.737726204, 30527080.85721448, 40495821.12643493, 52901051.15051966, 68669481.18306825, 83219458.44056189, 109984340.96740022, 127725440.4730511, 164233970.44620496, 199661504.54269654, 259263312.7711795, 320871204.15076643, 411667017.191374], "q_raw_std": [20.707968467747232, 20.70569914426405, 20.701988434161187, 20.703766025876842, 20.705628177738266, 20.703650314496898, 20.701746261547235, 20.70400646624234, 20.703735718785737, 20.704589245685288, 20.704729917372408, 20.70384725241426, 20.701955326363056, 20.702561980016675, 20.703068782062594, 20.705412297001654, 20.70535173635505, 20.70613053263149, 20.70720517245275, 20.707735787983363, 20.707871092223037, 20.70684455670757, 20.70435978640846, 20.70385435491705, 20.70284367001454, 20.705560603082375, 20.706510207676423, 20.705760246980628, 20.708168695095203, 20.70750705631862, 20.704387280464324, 20.706469165638048, 20.705886840282282, 20.705670458734808, 20.704866969408044, 20.705120974967798, 20.707593320695445, 20.707930656092227, 20.706491939971233, 20.705036985077435, 20.706526697901555, 20.70473627946074, 20.705263503745957, 20.705076964861682, 20.705824739876615, 20.70111073750401, 20.701728216296928, 20.700634650237223, 20.702088302343608, 20.699835544799196, 20.697055227420506, 20.698085838016798, 20.699211732712953, 20.69921236236609, 20.69935956779265, 20.700371613014973, 20.699174176491304, 20.69726906463908, 20.695955800744475, 20.695777453400858, 20.696639785220547, 20.697397130687975, 20.698447396103468, 20.69610768420298, 20.69491966547519, 20.695662782919893, 20.695117583622018, 20.696323781517282, 20.696748086647023, 20.698741173330713, 20.697267733964257, 20.69829764035408, 20.69877909773845, 20.69708041958853, 20.697443324160194, 20.69859112461106, 20.6994925413608, 20.697468959082403, 20.696900224072206, 20.69526271023433, 20.695682196929923, 20.694904775165416, 20.69553570923855, 20.696226743113115, 20.694725851205856, 20.695106485459135, 20.69443556813303, 20.693741208515963, 20.693590627231703, 20.694395233927402, 20.694150622610216, 20.693473456091013, 20.694007856820917, 20.69364317213241, 20.691077946970875, 20.69095434595902, 20.69179273710355, 20.691255884834998, 20.690231700292372, 20.690171150161945], "raw": []}