{"envName": "randomEnv", "b1": 0.0, "b2": 5.0, "globalReward": [23.280109528623573, 20.06914523039497, 39.04304239546269, 39.04304239546269, 23.81592015716055, 48.3338263547062, 56.26141891812494, 96.64813856008094, 26.491660287285157, 70.16836199905221, 35.65257157840506, 99.45345498817373, 28.20942780989013, 38.467676581969776, 68.89590437645568, 35.80542098446191, 92.55329121032591, 58.326834515670875, 78.78664802606987, 71.61241279376654, 39.04304239546269, 23.81592015716055, 30.679478323493502, 98.29348728218311, 25.861023056767184, 12.902346903702288, 81.86464134123939, 87.03723328411267, 96.64813856008094, 35.65257157840506, 72.3284616645911, 51.34408846074548, 73.47242265519732, 34.9086691045526, 51.34408846074548, 58.90805435876179, 72.69706473539478, 99.45345498817373, 42.09990659897175, 68.64606590229444, 24.126381174940438, 86.76948131636163, 96.64813856008094, 92.55329121032591, 87.03723328411267, 53.60495822209391, 29.940210581171158, 77.1612350299216, 42.09990659897175, 86.76948131636163], "epoch": [0, 1, 2, 3, 4, 5, 6, 7, 8, 9, 10, 11, 12, 13, 14, 15, 16, 17, 18, 19, 20, 21, 22, 23, 24, 25, 26, 27, 28, 29, 30, 31, 32, 33, 34, 35, 36, 37, 38, 39, 40, 41, 42, 43, 44, 45, 46, 47, 48, 49], "q_std": [311.1028340184912, 327.680140378452, 351.85033807765205, 378.10030271969123, 406.2712300906034, 437.5766329491392, 469.8710935973938, 503.102440541935, 535.7940658410132, 571.1195101451588, 605.1177921715476, 643.7329988412484, 679.8847802717677, 711.8271411163421, 744.2275366237496, 777.7121516477919, 811.3973490584284, 843.2837003966765, 876.2222153410601, 908.3072681113316, 941.7258299059919, 972.9912356449192, 1003.1939002248955, 1036.5140023647791, 1067.1820625017933, 1100.248613574474, 1131.2265316446533, 1162.290185826138, 1193.0463963501995, 1224.3919453611222, 1253.4190751847075, 1283.4159945139859, 1311.7115537119334, 1339.914963447886, 1373.0373327427892, 1403.3641412847926, 1431.822289270671, 1461.2978052608264, 1490.40894389598, 1520.1860564784404, 1550.4756260688828, 1581.654562583874, 1610.4501904513377, 1639.8119702972267, 1669.512498200258, 1697.0048983348618, 1727.3408988842427, 1757.0629315195795, 1783.8666392296725, 1813.0317237425459], "q_raw_std": [15.43429688011024, 15.432004648646684, 15.434583302987082, 15.431425511459915, 15.432503076127377, 15.431949254602971, 15.429870941060063, 15.428751795589056, 15.429563632713007, 15.428885120520018, 15.426319992451656, 15.424487588056248, 15.423846517556365, 15.422297864795107, 15.421473345108582, 15.427166223192245, 15.424684170783573, 15.425357027894327, 15.425748611132901, 15.42617659108138, 15.427818490639009, 15.42799474478778, 15.428533979223005, 15.427591928843354, 15.4241518481421, 15.426622177778063, 15.426117323436243, 15.424893153125797, 15.427101357285206, 15.425455700003194, 15.423824718625331, 15.422823051846123, 15.417209273263627, 15.419141381199491, 15.42031791508337, 15.423081911066799, 15.422412742248127, 15.421508869248019, 15.420178091106612, 15.416904357487825, 15.41763837607089, 15.415874050264273, 15.413739618201443, 15.413871387888028, 15.413462256077821, 15.415333936297483, 15.41237608633794, 15.408093151607751, 15.405156476988529, 15.40141911177895], "raw": []}