{"envName": "randomEnv", "b1": 0.0, "b2": 1.0, "globalReward": [69.55400577786253, 69.55400577786253, 69.55400577786253, 38.9447819757287, 38.9447819757287, 38.9447819757287, 38.9447819757287, 38.9447819757287, 38.9447819757287, 38.9447819757287, 38.9447819757287, 38.9447819757287, 38.9447819757287, 38.9447819757287, 38.9447819757287, 38.9447819757287, 38.9447819757287, 38.9447819757287, 38.9447819757287, 38.9447819757287, 38.9447819757287, 38.9447819757287, 38.9447819757287, 38.9447819757287, 38.9447819757287, 38.9447819757287, 38.9447819757287, 38.9447819757287, 38.9447819757287, 38.9447819757287, 38.9447819757287, 38.9447819757287, 38.9447819757287, 38.9447819757287, 38.9447819757287, 38.9447819757287, 38.9447819757287, 38.9447819757287, 38.9447819757287, 38.9447819757287, 38.9447819757287, 38.9447819757287, 38.9447819757287, 38.9447819757287, 38.9447819757287, 38.9447819757287, 38.9447819757287, 38.9447819757287, 38.9447819757287, 38.9447819757287], "epoch": [0, 1, 2, 3, 4, 5, 6, 7, 8, 9, 10, 11, 12, 13, 14, 15, 16, 17, 18, 19, 20, 21, 22, 23, 24, 25, 26, 27, 28, 29, 30, 31, 32, 33, 34, 35, 36, 37, 38, 39, 40, 41, 42, 43, 44, 45, 46, 47, 48, 49], "q_std": [6.252914161361951, 6.344634181305821, 6.472626713051405, 6.6318841595822, 6.55203533372343, 6.492535605683239, 6.325612222717761, 6.441114196681104, 6.3715844732155595, 6.356971876683367, 6.436397792161068, 6.427230054002916, 6.490133762998498, 6.542972504525801, 6.518136845456057, 6.588233632095419, 6.5908872391984055, 6.575047586631013, 6.563419225620784, 6.578610467864644, 6.57215292036718, 6.559747235666277, 6.55463722462447, 6.5679666999140816, 6.533023868539096, 6.52746613540663, 6.54342570909005, 6.5560003613326465, 6.542366549868245, 6.560109162389878, 6.54104276136729, 6.550083380186446, 6.56820299615016, 6.578857131255645, 6.603304169461657, 6.621255810972403, 6.624038852350616, 6.625206852421162, 6.6224997359353015, 6.631625759333425, 6.625227747199215, 6.638062582120162, 6.622105980177201, 6.615028280395213, 6.615548667093073, 6.61272508386165, 6.616863891126992, 6.611151207861546, 6.604269086159588, 6.6111967516877295], "q_raw_std": [6.252914161361951, 6.350347942931748, 6.4796979282036915, 6.619885015898824, 6.547220226165735, 6.492254758671234, 6.32510887798472, 6.440159022286773, 6.369954361182376, 6.355715854897621, 6.435609560417287, 6.4267603762777705, 6.490115456168066, 6.544213227436524, 6.518408296548462, 6.587935664573567, 6.5912126682666035, 6.575159015271878, 6.563987355561441, 6.580204794672884, 6.573702237436619, 6.5608639043932175, 6.5564401352546176, 6.569401727038755, 6.534549246852999, 6.529632721487161, 6.545615298128132, 6.559062286505736, 6.5460373928845765, 6.563527901027359, 6.543900619540207, 6.553026376642005, 6.570757244165771, 6.581473287114487, 6.605811324504543, 6.623491458553238, 6.627362904973971, 6.628119615522155, 6.625082002969271, 6.633947687573008, 6.627400562816412, 6.640075864832825, 6.624937446519656, 6.618050044605087, 6.618346706412231, 6.615084096767449, 6.619370416987663, 6.613429699058471, 6.606319411692625, 6.613094142618202], "raw": []}