{"envName": "randomEnv", "b1": 0.0, "b2": 0.0, "globalReward": [69.55400577786253, 69.55400577786253, 38.9447819757287, 38.9447819757287, 38.9447819757287, 38.9447819757287, 38.9447819757287, 38.9447819757287, 38.9447819757287, 38.9447819757287, 38.9447819757287, 38.9447819757287, 38.9447819757287, 38.9447819757287, 38.9447819757287, 38.9447819757287, 38.9447819757287, 38.9447819757287, 38.9447819757287, 38.9447819757287, 38.9447819757287, 38.9447819757287, 38.9447819757287, 38.9447819757287, 38.9447819757287, 38.9447819757287, 38.9447819757287, 38.9447819757287, 38.9447819757287, 38.9447819757287, 38.9447819757287, 38.9447819757287, 38.9447819757287, 38.9447819757287, 38.9447819757287, 38.9447819757287, 38.9447819757287, 38.9447819757287, 38.9447819757287, 38.9447819757287, 38.9447819757287, 38.9447819757287, 38.9447819757287, 38.9447819757287, 38.9447819757287, 38.9447819757287, 38.9447819757287, 38.9447819757287, 38.9447819757287, 38.9447819757287], "epoch": [0, 1, 2, 3, 4, 5, 6, 7, 8, 9, 10, 11, 12, 13, 14, 15, 16, 17, 18, 19, 20, 21, 22, 23, 24, 25, 26, 27, 28, 29, 30, 31, 32, 33, 34, 35, 36, 37, 38, 39, 40, 41, 42, 43, 44, 45, 46, 47, 48, 49], "q_std": [6.752914161361951, 6.632652260508526, 6.681664722146393, 6.640534476190517, 6.565754518663429, 6.509337802408475, 6.643317974877563, 6.65530242457639, 6.683523643539794, 6.668952581039778, 6.646395055389033, 6.636428179282528, 6.498543910399683, 6.5516901474328035, 6.52513429833086, 6.59427559876495, 6.597007811535088, 6.580464181118167, 6.5686648530730745, 6.5845513067578825, 6.578096804992555, 6.565077629358075, 6.560449433914812, 6.573389190774251, 6.53874245861213, 6.533656566163904, 6.549401911038254, 6.562750351926019, 6.549664280626583, 6.567016119804611, 6.547353838782628, 6.556291633861785, 6.573988746404972, 6.584441014719116, 6.608628378590028, 6.62627233300002, 6.630173102137128, 6.630873620769407, 6.627752015199693, 6.636468454163821, 6.629749769290177, 6.642366036403278, 6.627149542794329, 6.6201762790500585, 6.620373150065378, 6.61703729871361, 6.621271312496117, 6.615301536772378, 6.608171358284691, 6.614886335766195], "q_raw_std": [6.752914161361951, 6.632652260508526, 6.681664722146393, 6.640534476190517, 6.565754518663429, 6.509337802408475, 6.643317974877563, 6.65530242457639, 6.683523643539794, 6.668952581039778, 6.646395055389033, 6.636428179282528, 6.498543910399683, 6.5516901474328035, 6.52513429833086, 6.59427559876495, 6.597007811535088, 6.580464181118167, 6.5686648530730745, 6.5845513067578825, 6.578096804992555, 6.565077629358075, 6.560449433914812, 6.573389190774251, 6.53874245861213, 6.533656566163904, 6.549401911038254, 6.562750351926019, 6.549664280626583, 6.567016119804611, 6.547353838782628, 6.556291633861785, 6.573988746404972, 6.584441014719116, 6.608628378590028, 6.62627233300002, 6.630173102137128, 6.630873620769407, 6.627752015199693, 6.636468454163821, 6.629749769290177, 6.642366036403278, 6.627149542794329, 6.6201762790500585, 6.620373150065378, 6.61703729871361, 6.621271312496117, 6.615301536772378, 6.608171358284691, 6.614886335766195], "raw": []}