{"envName": "randomEnv", "b1": 1.0, "b2": 1.0, "globalReward": [38.9447819757287, 38.9447819757287, 38.9447819757287, 38.9447819757287, 38.9447819757287, 38.9447819757287, 38.9447819757287, 38.9447819757287, 38.9447819757287, 38.9447819757287, 69.55400577786253, 38.9447819757287, 38.9447819757287, 38.9447819757287, 38.9447819757287, 38.9447819757287, 38.9447819757287, 38.9447819757287, 38.9447819757287, 38.9447819757287, 38.9447819757287, 38.9447819757287, 38.9447819757287, 69.55400577786253, 11.05080509015962, 69.55400577786253, 69.55400577786253, 38.9447819757287, 38.9447819757287, 38.9447819757287, 69.55400577786253, 38.9447819757287, 94.50382932708987, 38.9447819757287, 38.9447819757287, 69.55400577786253, 38.9447819757287, 69.55400577786253, 38.9447819757287, 38.9447819757287, 38.9447819757287, 38.9447819757287, 38.9447819757287, 38.9447819757287, 38.9447819757287, 38.9447819757287, 38.9447819757287, 38.9447819757287, 69.55400577786253, 38.9447819757287], "epoch": [0, 1, 2, 3, 4, 5, 6, 7, 8, 9, 10, 11, 12, 13, 14, 15, 16, 17, 18, 19, 20, 21, 22, 23, 24, 25, 26, 27, 28, 29, 30, 31, 32, 33, 34, 35, 36, 37, 38, 39, 40, 41, 42, 43, 44, 45, 46, 47, 48, 49], "q_std": [6.579338383392007, 6.504739895250314, 6.421113446125095, 6.346873707041216, 6.268713728834914, 6.18248922787183, 6.100821730550014, 6.015786055562773, 5.935126584702134, 5.8479026695298435, 5.793194551692157, 5.683543190065377, 5.605568941017925, 5.529178367892995, 5.458433130944056, 5.393476130732441, 5.311156362866064, 5.2266667943562215, 5.161038126355516, 5.088326687093008, 5.002579644255929, 4.934293894705795, 4.867308546023559, 4.7982199937708225, 4.742045090209448, 4.6947059637107476, 4.635954012683363, 4.5704616176439465, 4.518256349437481, 4.462079323571528, 4.40333705055133, 4.3494729234578955, 4.316459998988878, 4.25104770605985, 4.196144306716885, 4.149269273994516, 4.099954575202752, 4.057317543677448, 4.009646695071357, 3.9682184135642937, 3.9215150752179797, 3.877223071007811, 3.829275386950767, 3.778873256336649, 3.734624258821218, 3.6842804327899215, 3.643674358851062, 3.5947468187824896, 3.5492747187891047, 3.5186747828313787], "q_raw_std": [6.631976664208435, 6.63206087951139, 6.623913827314415, 6.62815744200153, 6.635748345255899, 6.640759806975519, 6.6450730753355165, 6.642998570688383, 6.647571471281537, 6.638160212315093, 6.638141812175195, 6.626415025853463, 6.629536036522103, 6.629876673744587, 6.635936584421575, 6.648383455779509, 6.648583574239232, 6.640425812724815, 6.652648462070782, 6.655109366353371, 6.642306416128187, 6.642308861592145, 6.643435851754515, 6.639601704682598, 6.639065138662271, 6.637022766075193, 6.631403598227978, 6.626534491833574, 6.629837899611453, 6.628799038843171, 6.625757375450979, 6.625876313450847, 6.621573150406704, 6.621236369767487, 6.6176917934325035, 6.622622880803733, 6.625876850468259, 6.625978061710511, 6.6237259028779025, 6.627039687553429, 6.622197055745935, 6.621101196642423, 6.618158288804927, 6.6089435489371775, 6.608226611709794, 6.597411629012483, 6.596554059042783, 6.587299077506385, 6.581375400843918, 6.587108672518925], "raw": []}