{"envName": "randomEnv", "b1": 1.0, "b2": 5.0, "globalReward": [87.79947571435748, 39.04304239546269, 23.280109528623573, 86.68344970143853, 77.49784405924076, 70.16836199905221, 42.09990659897175, 58.326834515670875, 4.114192959461471, 18.67679243757494, 75.3381385125076, 80.31843067203872, 41.82329501575662, 96.64813856008094, 22.34943774665742, 51.34408846074548, 25.86979766930767, 31.702711286328956, 96.64813856008094, 31.277982731397223, 62.676997736670806, 83.0570301368453, 72.0932935153185, 35.922305941558584, 32.2142056900633, 25.80098763531822, 6.952697986582423, 90.58738893700473, 71.53399094146765, 90.58738893700473, 74.23790717677939, 42.09990659897175, 96.64813856008094, 25.80098763531822, 69.41822592878889, 99.45345498817373, 96.64813856008094, 32.273358625655725, 53.83305731575481, 6.55952081881993, 36.491841430319504, 71.664959736355, 58.38017899427672, 90.58738893700473, 18.54731572378633, 41.253180619531605, 74.23790717677939, 23.81592015716055, 21.223149172570853, 99.06817884207194], "epoch": [0, 1, 2, 3, 4, 5, 6, 7, 8, 9, 10, 11, 12, 13, 14, 15, 16, 17, 18, 19, 20, 21, 22, 23, 24, 25, 26, 27, 28, 29, 30, 31, 32, 33, 34, 35, 36, 37, 38, 39, 40, 41, 42, 43, 44, 45, 46, 47, 48, 49], "q_std": [1839.7943698166152, 1858.716758409787, 1881.1873098273222, 1899.143119679469, 1914.9497326408145, 1934.0996282701813, 1950.4355265819493, 1965.7447086366385, 1981.0688814454152, 1997.2013746592093, 2011.5424812427134, 2024.8208977875133, 2037.473036555197, 2048.3765108783505, 2051.8872089519577, 2055.0264509893764, 2061.517466504009, 2067.0973638974287, 2072.6326530154256, 2076.611770709426, 2080.0745522015704, 2083.7970847459683, 2088.058713190295, 2092.3343776268985, 2095.53750027697, 2099.264941412173, 2102.1461143886722, 2104.028908869439, 2109.237922696251, 2113.61996393273, 2118.696821361793, 2122.24110128421, 2125.2711816661426, 2127.807203416075, 2127.4643814570745, 2126.1353999024263, 2126.4047612777204, 2124.2515321449046, 2123.8890863998627, 2122.341735864105, 2120.8485333639005, 2120.584687862919, 2120.9546792613323, 2121.420528612969, 2121.1071167163996, 2120.130214531237, 2121.2328682971392, 2118.845431105172, 2122.3302552562354, 2122.40994396241], "q_raw_std": [15.399146782245062, 15.397420759458436, 15.396578834751221, 15.396728623099175, 15.394966275645347, 15.394297079699465, 15.394244285772343, 15.394007766923009, 15.391015778533136, 15.391777870574625, 15.39164394537126, 15.392291041361064, 15.39093930226135, 15.391142206513335, 15.391485737167418, 15.391479013922465, 15.390839166196068, 15.389560562364519, 15.39134843755726, 15.391137368088591, 15.3870017464972, 15.388207237536943, 15.38754573825561, 15.388424815207049, 15.387434278876913, 15.383075395369792, 15.381574489344736, 15.384661067507105, 15.381795254258975, 15.383235394158831, 15.37924312645056, 15.380880694560414, 15.379449021915711, 15.375854446599806, 15.375899321869674, 15.376021780680947, 15.372174901022863, 15.372303386413385, 15.370164207374314, 15.370607989463341, 15.370391681249668, 15.370101241181597, 15.37043041155819, 15.37023502236114, 15.370706410651522, 15.371231937923708, 15.36920306814928, 15.369342600773297, 15.36894932247265, 15.367860005572698], "raw": []}