{"envName": "randomEnv", "b1": 1.0, "b2": 0.0, "globalReward": [38.9447819757287, 38.9447819757287, 38.9447819757287, 38.9447819757287, 38.9447819757287, 38.9447819757287, 38.9447819757287, 38.9447819757287, 38.9447819757287, 38.9447819757287, 69.55400577786253, 38.9447819757287, 38.9447819757287, 38.9447819757287, 38.9447819757287, 38.9447819757287, 38.9447819757287, 38.9447819757287, 38.9447819757287, 38.9447819757287, 38.9447819757287, 38.9447819757287, 38.9447819757287, 69.55400577786253, 38.9447819757287, 69.55400577786253, 11.05080509015962, 38.9447819757287, 38.9447819757287, 38.9447819757287, 69.55400577786253, 38.9447819757287, 69.55400577786253, 38.9447819757287, 38.9447819757287, 38.9447819757287, 38.9447819757287, 69.55400577786253, 38.9447819757287, 38.9447819757287, 38.9447819757287, 38.9447819757287, 38.9447819757287, 69.55400577786253, 38.9447819757287, 38.9447819757287, 38.9447819757287, 38.9447819757287, 69.55400577786253, 38.9447819757287], "epoch": [0, 1, 2, 3, 4, 5, 6, 7, 8, 9, 10, 11, 12, 13, 14, 15, 16, 17, 18, 19, 20, 21, 22, 23, 24, 25, 26, 27, 28, 29, 30, 31, 32, 33, 34, 35, 36, 37, 38, 39, 40, 41, 42, 43, 44, 45, 46, 47, 48, 49], "q_std": [6.583162810841013, 6.508598445478993, 6.425082775248239, 6.351039319371928, 6.272967925203553, 6.186674230600067, 6.105234455007538, 6.020276370237075, 5.9396844503337665, 5.85609049888784, 5.806619499816941, 5.6992992786561905, 5.622052399618843, 5.544752999140768, 5.472772732570205, 5.407652332140069, 5.3251138456267615, 5.242126070802551, 5.17807970342794, 5.103105505079112, 5.017514839087026, 4.951355618391037, 4.884016938071829, 4.815995251715738, 4.7500663898752995, 4.68357257024007, 4.698072231093447, 4.586621340527135, 4.532920186721919, 4.4770754544068465, 4.419289129344987, 4.366267195448736, 4.3116426676080515, 4.262591288086543, 4.208980933672549, 4.164201864581339, 4.11600548576609, 4.0739283508021025, 4.029579938165735, 3.986928443287045, 3.940714407783542, 3.8936507121557455, 3.84306828876867, 3.790430551264377, 3.7466498780922692, 3.6967930782436937, 3.6561282880668755, 3.6089750402432155, 3.5633729394869436, 3.5288139357895303], "q_raw_std": [6.633716763129878, 6.633800132191867, 6.6256324044460015, 6.629867460797814, 6.63742457840498, 6.642405757591733, 6.646733855068305, 6.644634401033061, 6.6491772695773, 6.640743411205077, 6.642595150364553, 6.631676181074827, 6.633889640568024, 6.6334629123767765, 6.638765239292333, 6.6511815881377885, 6.651103623021728, 6.64345104242196, 6.657396930378726, 6.658180942828079, 6.645270983962182, 6.647771874830166, 6.648847244869513, 6.6457539903174725, 6.644882768547964, 6.64100122194522, 6.641697304424324, 6.644457445243866, 6.646688502815736, 6.645299175400521, 6.642960104552318, 6.647036138135877, 6.642484357263742, 6.645197672277867, 6.643404091429335, 6.650470480714414, 6.654208739052047, 6.654815894572637, 6.656291734171049, 6.657831955582917, 6.653446004783437, 6.649836536431586, 6.644159493925442, 6.6331063381588935, 6.632797077659098, 6.622479456647527, 6.621504844534211, 6.612923778048163, 6.606260565787994, 6.60776666278961], "raw": []}