{"envName": "randomEnv", "b1": 5.0, "b2": 0.0, "globalReward": [94.50382932708987, 38.9447819757287, 11.295853385103616, 38.9447819757287, 69.55400577786253, 38.9447819757287, 38.9447819757287, 38.9447819757287, 38.9447819757287, 38.9447819757287, 38.9447819757287, 38.9447819757287, 38.9447819757287, 94.50382932708987, 38.9447819757287, 69.55400577786253, 69.55400577786253, 38.9447819757287, 38.9447819757287, 38.9447819757287, 38.9447819757287, 38.9447819757287, 38.9447819757287, 38.9447819757287, 38.9447819757287, 38.9447819757287, 69.55400577786253, 69.55400577786253, 38.9447819757287, 38.9447819757287, 69.55400577786253, 38.9447819757287, 38.9447819757287, 38.9447819757287, 38.9447819757287, 38.9447819757287, 38.9447819757287, 38.9447819757287, 38.9447819757287, 38.9447819757287, 69.55400577786253, 13.68674219189171, 38.9447819757287, 38.9447819757287, 69.55400577786253, 69.55400577786253, 38.9447819757287, 38.9447819757287, 38.9447819757287, 38.9447819757287], "epoch": [0, 1, 2, 3, 4, 5, 6, 7, 8, 9, 10, 11, 12, 13, 14, 15, 16, 17, 18, 19, 20, 21, 22, 23, 24, 25, 26, 27, 28, 29, 30, 31, 32, 33, 34, 35, 36, 37, 38, 39, 40, 41, 42, 43, 44, 45, 46, 47, 48, 49], "q_std": [3.494738152749619, 3.4544046042607897, 3.439593757414979, 3.3857277723526336, 3.3537948530095965, 3.3157019342748937, 3.279517438190421, 3.2452765764838376, 3.2150520981350326, 3.1807654080920273, 3.1526032906723187, 3.1244976962552, 3.101711612886069, 3.083589581113355, 3.052086941593605, 3.025148047440162, 2.984163602438601, 2.958691635449128, 2.9312204434019438, 2.904595273535371, 2.8856102812850986, 2.8580019646195014, 2.831642632620935, 2.7969801133177685, 2.7682528408858573, 2.7420814057193463, 2.723627267302702, 2.698716635127525, 2.67401360836732, 2.6575410746900343, 2.634267840340345, 2.6150529185349116, 2.6050279749268976, 2.5832420633456463, 2.5626610164034354, 2.5440228777512783, 2.5339158148123433, 2.5171905275761133, 2.506815018903377, 2.4769751679307133, 2.462928868476197, 2.3733291539904364, 2.3788255099991784, 2.359225476371335, 2.325449614205784, 2.3032927660428513, 2.291844757070898, 2.2782197545410243, 2.2529487344634953, 2.2197674501820392], "q_raw_std": [6.604736409452017, 6.602618885011277, 6.595101838853583, 6.596086731106921, 6.596617588873643, 6.59401207424299, 6.592943890613054, 6.593219883363588, 6.592467110717874, 6.590100099416309, 6.589861073377525, 6.590070915107603, 6.59438006892292, 6.592208457379501, 6.599380544288433, 6.6005294265122885, 6.590657351514657, 6.592989352890071, 6.591656762108447, 6.59238626003425, 6.597284021934405, 6.597484664561806, 6.594349612778302, 6.583667046537367, 6.576905456765645, 6.573221193254418, 6.577841645105897, 6.57457026295225, 6.577447162003977, 6.5800767448268935, 6.581599666738393, 6.586738309134676, 6.598136134994671, 6.59288660186458, 6.588193913710637, 6.589715580722512, 6.593516694360075, 6.595071608897918, 6.601728103336678, 6.600214510975946, 6.603638882762833, 6.602293317207877, 6.59905044116212, 6.597885662376972, 6.589630648445677, 6.5900948758245725, 6.590825005587522, 6.588725889871319, 6.585870345135403, 6.572415607326431], "raw": []}