{"envName": "randomEnv", "b1": 5.0, "b2": 1.0, "globalReward": [94.50382932708987, 59.725669493378895, 69.55400577786253, 69.55400577786253, 38.9447819757287, 38.9447819757287, 38.9447819757287, 38.9447819757287, 38.9447819757287, 38.9447819757287, 38.9447819757287, 38.9447819757287, 38.9447819757287, 94.50382932708987, 38.9447819757287, 69.55400577786253, 38.9447819757287, 38.9447819757287, 38.9447819757287, 38.9447819757287, 38.9447819757287, 38.9447819757287, 69.55400577786253, 38.9447819757287, 38.9447819757287, 38.9447819757287, 69.55400577786253, 69.55400577786253, 69.55400577786253, 38.9447819757287, 69.55400577786253, 38.9447819757287, 38.9447819757287, 38.9447819757287, 38.9447819757287, 69.55400577786253, 38.9447819757287, 38.9447819757287, 38.9447819757287, 38.9447819757287, 38.9447819757287, 38.9447819757287, 38.9447819757287, 38.9447819757287, 38.9447819757287, 13.68674219189171, 38.9447819757287, 38.9447819757287, 38.9447819757287, 38.9447819757287], "epoch": [0, 1, 2, 3, 4, 5, 6, 7, 8, 9, 10, 11, 12, 13, 14, 15, 16, 17, 18, 19, 20, 21, 22, 23, 24, 25, 26, 27, 28, 29, 30, 31, 32, 33, 34, 35, 36, 37, 38, 39, 40, 41, 42, 43, 44, 45, 46, 47, 48, 49], "q_std": [3.4850025133802562, 3.488150912090872, 3.42125233786868, 3.383051531802315, 3.3513978238199327, 3.317786641272733, 3.278651863992412, 3.244677207045383, 3.2120946060024047, 3.1794109730815423, 3.149414424253542, 3.121802295176703, 3.094594763155334, 3.070879732846553, 3.0478523300857043, 3.024169895363016, 2.9830245211419086, 2.9548498757267265, 2.926345505556246, 2.900088170309716, 2.8770681620628906, 2.8501375317654345, 2.823746608497202, 2.7924282687681754, 2.7665152874685197, 2.743497057392607, 2.7238961212482016, 2.6988705756594435, 2.6791068139337675, 2.658636567395508, 2.6418294212080995, 2.624793658768977, 2.612580499684313, 2.5886990758854025, 2.5643759758857376, 2.5427134273291734, 2.531899697026433, 2.520293775300998, 2.5053007438422497, 2.490111651589565, 2.4902500334059483, 2.4898143568739464, 2.472262412902837, 2.4602193510267942, 2.4237281610052914, 2.3723176457220694, 2.4001277567005572, 2.3845122672533607, 2.362837004959008, 2.3297151638536127], "q_raw_std": [6.585160659089758, 6.581523080916049, 6.578397690053503, 6.575683271119406, 6.578087793814453, 6.579552081278102, 6.576953148373346, 6.577681851360182, 6.574442130938045, 6.57439286262394, 6.5741958939942515, 6.5735594827750745, 6.575397222514506, 6.575838802353241, 6.585365986445513, 6.588480767647824, 6.578083933115821, 6.576680510729866, 6.57322548846887, 6.574815357183698, 6.576627978949078, 6.5781534486423565, 6.576368794089777, 6.567639321275832, 6.560669053638667, 6.5596009756260125, 6.563403388265021, 6.560969314859324, 6.5642313715685034, 6.566427921062764, 6.569155879879919, 6.5733882516225135, 6.582988237918407, 6.578193478104285, 6.572855781156849, 6.57409619305085, 6.578122993041037, 6.578780060890563, 6.584313646835406, 6.582959946499398, 6.58736752262975, 6.591000751431739, 6.58970329493057, 6.589927382924345, 6.583482119986938, 6.579690598105304, 6.577371370610265, 6.574244177107339, 6.571372819381731, 6.55898708537907], "raw": []}