{"envName": "randomEnv", "b1": 5.0, "b2": 5.0, "globalReward": [83.0632084128802, 59.56354621470313, 93.5473941785151, 25.80098763531822, 13.578865345660962, 26.491660287285157, 22.855777304583835, 56.29348764546399, 99.45345498817373, 47.25001728407041, 34.767172991161644, 30.105530209182664, 25.80098763531822, 41.30293641081673, 23.81592015716055, 96.64813856008094, 11.423035135387272, 42.21908436768916, 46.89823015988133, 41.94336999253372, 32.6184154245312, 6.55952081881993, 48.76853236148171, 30.58178498298938, 96.64813856008094, 73.47242265519732, 25.343596335023765, 80.69421253842411, 99.4450454271675, 98.41700269226288, 3.4393652408169384, 96.9686384141521, 32.273358625655725, 68.7672190492861, 54.57127693467289, 66.2871707197506, 2.9291255693772222, 83.13648082842136, 94.32216891889084, 10.847165698351501, 91.2462508578953, 62.922031801649005, 61.07191947339129, 22.59880489501408, 2.271093468713148, 36.81886128806905, 3.2412279488411744, 22.68457386508036, 54.738235244945244, 46.18183130998581], "epoch": [0, 1, 2, 3, 4, 5, 6, 7, 8, 9, 10, 11, 12, 13, 14, 15, 16, 17, 18, 19, 20, 21, 22, 23, 24, 25, 26, 27, 28, 29, 30, 31, 32, 33, 34, 35, 36, 37, 38, 39, 40, 41, 42, 43, 44, 45, 46, 47, 48, 49], "q_std": [2119.0197275859477, 2119.3317419215136, 2121.1287575284946, 2125.4250592438593, 2124.5101470516447, 2124.5201677040945, 2120.264151034994, 2115.4500415712932, 2109.004213318842, 2102.782191257402, 2096.9059351845285, 2087.3259875251742, 2078.19390803594, 2057.2189156015133, 2028.100433163607, 1998.9675929997863, 1968.1089508247214, 1943.0735319365454, 1908.5691107952084, 1879.3354885359556, 1854.9948458110455, 1834.2965192962054, 1808.6586893071756, 1781.7814027001343, 1817.2421655252945, 1814.5855669310488, 1845.2466054804731, 1988.2807876146092, 2092.306986669475, 2197.7868248517384, 2331.5416684758375, 2445.7553102686197, 2475.44330308603, 2590.3050685822086, 2721.012039657145, 2853.8595648307187, 3004.732059125624, 3080.127627533348, 3091.296405832846, 3041.8118971164085, 3073.633752463763, 3118.5039388826826, 3184.6571711233614, 3233.5716516111033, 3337.481234853665, 3407.2857169132794, 3306.0499421457494, 3446.8045912737175, 3440.177655644013, 3399.371517223311], "q_raw_std": [15.366988318203923, 15.369323403814626, 15.367462551594238, 15.365386655798604, 15.369770402986818, 15.369755034420297, 15.367870951128587, 15.369696029875884, 15.367410168672267, 15.367874736682467, 15.370950750972035, 15.371955484534427, 15.372171752819563, 15.37185574450291, 15.370586841417989, 15.371206387368916, 15.37338491908302, 15.373193715011034, 15.371024454103026, 15.369072217356418, 15.368821650691412, 15.367954428734041, 15.371426847855115, 15.36983194038056, 15.372590838703166, 15.374299083898626, 15.375235321663562, 15.373385802019422, 15.370990234467303, 15.367825386023545, 15.366846114967762, 15.367632582057878, 15.367489588378401, 15.367498894521079, 15.369285801414392, 15.369930065964965, 15.370670197138702, 15.369300920198459, 15.368751687644762, 15.370037049573988, 15.368191802556446, 15.368079499984637, 15.369558499421403, 15.3671120084831, 15.369720764972502, 15.370092902403263, 15.37008344310461, 15.369807853304279, 15.370976617844752, 15.372061952612507], "raw": []}